date,OT,start_date,end_date,his_avg_3,his_std_3,his_avg_5,his_std_5,his_avg_1,his_std_1,his_avg_2,his_std_2,his_avg_4,his_std_4,his_avg_6,his_std_6,prior_history_avg,prior_history_std
1999-09-01,49706536,1999-09-01,1999-09-30,805651.0,,805651.0,,805651.0,,805651.0,,805651.0,,805651.0,,805651.0,
1999-10-01,69598191,1999-10-01,1999-10-31,82522489.0,,82522489.0,,82522489.0,,82522489.0,,82522489.0,,82522489.0,,82522489.0,
1999-11-01,122062231,1999-11-01,1999-11-30,9536781.0,,9536781.0,,9536781.0,,9536781.0,,9536781.0,,9536781.0,,9536781.0,
1999-12-01,76194245,1999-12-01,1999-12-31,52751300.0,,52751300.0,,52751300.0,,52751300.0,,52751300.0,,52751300.0,,52751300.0,
2000-01-01,104092957,2000-01-01,2000-01-31,24878097.0,,24878097.0,,24878097.0,,24878097.0,,24878097.0,,24878097.0,,24878097.0,
2000-02-01,116832758,2000-02-01,2000-02-29,126717273.0,,126717273.0,,126717273.0,,126717273.0,,126717273.0,,126717273.0,,126717273.0,
2000-03-01,101307761,2000-03-01,2000-03-31,110398898.0,,110398898.0,,110398898.0,,110398898.0,,110398898.0,,110398898.0,,110398898.0,
2000-04-01,68602160,2000-04-01,2000-04-30,71584821.0,,71584821.0,,71584821.0,,71584821.0,,71584821.0,,71584821.0,,71584821.0,
2000-05-01,89463498,2000-05-01,2000-05-31,47599660.0,,47599660.0,,47599660.0,,47599660.0,,47599660.0,,47599660.0,,47599660.0,
2000-06-01,33191224,2000-06-01,2000-06-30,42589476.0,,42589476.0,,42589476.0,,42589476.0,,42589476.0,,42589476.0,,42589476.0,
2000-07-01,39359592,2000-07-01,2000-07-31,49197126.0,,49197126.0,,49197126.0,,49197126.0,,49197126.0,,49197126.0,,49197126.0,
2000-08-01,65042923,2000-08-01,2000-08-31,58095044.0,,58095044.0,,58095044.0,,58095044.0,,58095044.0,,58095044.0,,58095044.0,
2000-09-01,130300662,2000-09-01,2000-09-30,25256093.5,34578147.38952352,25256093.5,34578147.38952352,49706536.0,,25256093.5,34578147.38952352,25256093.5,34578147.38952352,25256093.5,34578147.38952352,25256093.5,34578147.38952352
2000-10-01,40504617,2000-10-01,2000-10-31,76060340.0,9138858.757875733,76060340.0,9138858.757875733,69598191.0,,76060340.0,9138858.757875733,76060340.0,9138858.757875733,76060340.0,9138858.757875733,76060340.0,9138858.757875733
2000-11-01,140406792,2000-11-01,2000-11-30,65799506.0,79567508.75106779,65799506.0,79567508.75106779,122062231.0,,65799506.0,79567508.75106779,65799506.0,79567508.75106779,65799506.0,79567508.75106779,65799506.0,79567508.75106779
2000-12-01,105902995,2000-12-01,2000-12-31,64472772.5,16576665.380483268,64472772.5,16576665.380483268,76194245.0,,64472772.5,16576665.380483268,64472772.5,16576665.380483268,64472772.5,16576665.380483268,64472772.5,16576665.380483268
2001-01-01,53201307,2001-01-01,2001-01-31,64485527.0,56013364.67674299,64485527.0,56013364.67674299,104092957.0,,64485527.0,56013364.67674299,64485527.0,56013364.67674299,64485527.0,56013364.67674299,64485527.0,56013364.67674299
2001-02-01,75250046,2001-02-01,2001-02-28,121775015.5,6989407.585240147,121775015.5,6989407.585240147,116832758.0,,121775015.5,6989407.585240147,121775015.5,6989407.585240147,121775015.5,6989407.585240147,121775015.5,6989407.585240147
2001-03-01,253519064,2001-03-01,2001-03-31,105853329.5,6428404.621395926,105853329.5,6428404.621395926,101307761.0,,105853329.5,6428404.621395926,105853329.5,6428404.621395926,105853329.5,6428404.621395926,105853329.5,6428404.621395926
2001-04-01,128902292,2001-04-01,2001-04-30,70093490.5,2109059.819080649,70093490.5,2109059.819080649,68602160.0,,70093490.5,2109059.819080649,70093490.5,2109059.819080649,70093490.5,2109059.819080649,70093490.5,2109059.819080649
2001-05-01,105717364,2001-05-01,2001-05-31,68531579.0,29602203.736295074,68531579.0,29602203.736295074,89463498.0,,68531579.0,29602203.736295074,68531579.0,29602203.736295074,68531579.0,29602203.736295074,68531579.0,29602203.736295074
2001-06-01,85664740,2001-06-01,2001-06-30,37890350.0,6645567.720500032,37890350.0,6645567.720500032,33191224.0,,37890350.0,6645567.720500032,37890350.0,6645567.720500032,37890350.0,6645567.720500032,37890350.0,6645567.720500032
2001-07-01,96335964,2001-07-01,2001-07-31,44278359.0,6956187.001553222,44278359.0,6956187.001553222,39359592.0,,44278359.0,6956187.001553222,44278359.0,6956187.001553222,44278359.0,6956187.001553222,44278359.0,6956187.001553222
2001-08-01,109690069,2001-08-01,2001-08-31,61568983.5,4912892.355763609,61568983.5,4912892.355763609,65042923.0,,61568983.5,4912892.355763609,61568983.5,4912892.355763609,61568983.5,4912892.355763609,61568983.5,4912892.355763609
2001-09-01,480079711,2001-09-01,2001-09-30,60270949.666666664,65390707.25694034,60270949.666666664,65390707.25694034,130300662.0,,90003599.0,56988653.01840304,60270949.666666664,65390707.25694034,60270949.666666664,65390707.25694034,60270949.666666664,65390707.25694034
2001-10-01,193985674,2001-10-01,2001-10-31,64208432.333333336,21521210.83293822,64208432.333333336,21521210.83293822,40504617.0,,55051404.0,20572263.464352626,64208432.333333336,21521210.83293822,64208432.333333336,21521210.83293822,64208432.333333336,21521210.83293822
2001-11-01,98834991,2001-11-01,2001-11-30,90668601.33333333,70858379.40936054,90668601.33333333,70858379.40936054,140406792.0,,131234511.5,12971563.480990274,90668601.33333333,70858379.40936054,90668601.33333333,70858379.40936054,90668601.33333333,70858379.40936054
2001-12-01,77878870,2001-12-01,2001-12-31,78282846.66666667,26637330.25351374,78282846.66666667,26637330.25351374,105902995.0,,91048620.0,21007258.585575845,78282846.66666667,26637330.25351374,78282846.66666667,26637330.25351374,78282846.66666667,26637330.25351374
2002-01-01,72314436,2002-01-01,2002-01-31,60724120.333333336,40139669.30034468,60724120.333333336,40139669.30034468,53201307.0,,78647132.0,35985830.820772365,60724120.333333336,40139669.30034468,60724120.333333336,40139669.30034468,60724120.333333336,40139669.30034468
2002-02-01,323759888,2002-02-01,2002-02-28,106266692.33333333,27312088.377156667,106266692.33333333,27312088.377156667,75250046.0,,96041402.0,29403417.635327224,106266692.33333333,27312088.377156667,106266692.33333333,27312088.377156667,106266692.33333333,27312088.377156667
2002-03-01,176923635,2002-03-01,2002-03-31,155075241.0,85375944.55190343,155075241.0,85375944.55190343,253519064.0,,177413412.5,107629644.52454028,155075241.0,85375944.55190343,155075241.0,85375944.55190343,155075241.0,85375944.55190343
2002-04-01,247574801,2002-04-01,2002-04-30,89696424.33333333,33986013.46557675,89696424.33333333,33986013.46557675,128902292.0,,98752226.0,42638632.24364393,89696424.33333333,33986013.46557675,89696424.33333333,33986013.46557675,89696424.33333333,33986013.46557675
2002-05-01,276490373,2002-05-01,2002-05-31,80926840.66666667,29984542.157217763,80926840.66666667,29984542.157217763,105717364.0,,97590431.0,11493218.869097464,80926840.66666667,29984542.157217763,80926840.66666667,29984542.157217763,80926840.66666667,29984542.157217763
2002-06-01,251609426,2002-06-01,2002-06-30,53815146.666666664,27979979.12415071,53815146.666666664,27979979.12415071,85664740.0,,59427982.0,37104378.9963008,53815146.666666664,27979979.12415071,53815146.666666664,27979979.12415071,53815146.666666664,27979979.12415071
2002-07-01,85367859,2002-07-01,2002-07-31,61630894.0,30455306.29593083,61630894.0,30455306.29593083,96335964.0,,67847778.0,40288379.008607335,61630894.0,30455306.29593083,61630894.0,30455306.29593083,61630894.0,30455306.29593083
2002-08-01,290626645,2002-08-01,2002-08-31,77609345.33333333,27999069.250288133,77609345.33333333,27999069.250288133,109690069.0,,87366496.0,31570299.69722584,77609345.33333333,27999069.250288133,77609345.33333333,27999069.250288133,77609345.33333333,27999069.250288133
2002-09-01,79985198,2002-09-01,2002-09-30,220028969.66666666,228787334.30292454,165223140.0,216588270.11967236,480079711.0,,305190186.5,247331137.4648817,165223140.0,216588270.11967236,165223140.0,216588270.11967236,220028969.66666666,228787334.30292454
2002-10-01,146941089,2002-10-01,2002-10-31,101362827.33333333,81522100.10482435,96652742.75,67225799.54250664,193985674.0,,117245145.5,108527496.18837902,96652742.75,67225799.54250664,96652742.75,67225799.54250664,101362827.33333333,81522100.10482435
2002-11-01,109638959,2002-11-01,2002-11-30,120434671.33333333,20833635.603209544,92710198.75,57999532.48427284,98834991.0,,119620891.5,29395702.3932377,92710198.75,57999532.48427284,92710198.75,57999532.48427284,120434671.33333333,20833635.603209544
2002-12-01,142789123,2002-12-01,2002-12-31,86658703.33333333,16687317.389606347,78181852.5,21750227.002109848,77878870.0,,91890932.5,19816048.824319456,78181852.5,21750227.002109848,78181852.5,21750227.002109848,86658703.33333333,16687317.389606347
2003-01-01,260195230,2003-01-01,2003-01-31,76536233.33333333,25707152.496405166,63621699.25,33282315.955182567,72314436.0,,62757871.5,13515023.125593256,63621699.25,33282315.955182567,63621699.25,33282315.955182567,76536233.33333333,25707152.496405166
2003-02-01,131922024,2003-02-01,2003-02-28,171947564.0,133107162.74126448,160639991.25,111009561.09575643,323759888.0,,199504967.0,175722994.4697975,160639991.25,111009561.09575643,160639991.25,111009561.09575643,171947564.0,133107162.74126448
2003-03-01,493310356,2003-03-01,2003-03-31,177250153.33333334,76106176.82491976,160537339.5,70559946.2786639,176923635.0,,215221349.5,54161147.25379273,160537339.5,70559946.2786639,160537339.5,70559946.2786639,177250153.33333334,76106176.82491976
2003-04-01,138349442,2003-04-01,2003-04-30,148359751.0,91059025.30601363,129166018.5,83674537.31918916,247574801.0,,188238546.5,83914135.85432158,129166018.5,83674537.31918916,129166018.5,83674537.31918916,148359751.0,91059025.30601363
2003-05-01,132423736,2003-05-01,2003-05-31,157223745.0,103607159.28860454,129817723.75,100800077.58061494,276490373.0,,191103868.5,120754752.7075313,129817723.75,100800077.58061494,129817723.75,100800077.58061494,157223745.0,103607159.28860454
2003-06-01,116112116,2003-06-01,2003-06-30,123488463.33333333,114015802.74824017,103263716.5,101501545.41733234,251609426.0,,168637083.0,117340612.77247234,103263716.5,101501545.41733234,103263716.5,101501545.41733234,123488463.33333333,114015802.74824017
2003-07-01,67792812,2003-07-01,2003-07-31,73687805.0,30230687.846173514,67565135.25,27553789.779970054,85367859.0,,90851911.5,7755621.422266078,67565135.25,27553789.779970054,67565135.25,27553789.779970054,73687805.0,30230687.846173514
2003-08-01,1352561070,2003-08-01,2003-08-31,155119879.0,119456706.11280221,130863670.25,108934495.95318542,290626645.0,,200158357.0,127941479.85427512,130863670.25,108934495.95318542,130863670.25,108934495.95318542,155119879.0,119456706.11280221
2003-09-01,1206244241,2003-09-01,2003-09-30,230121857.0,217926841.07653606,148175551.6,191405225.67671233,79985198.0,,280032454.5,282909543.2578293,185018026.75,199496434.52272975,148175551.6,191405225.67671233,230121857.0,217926841.07653606
2003-10-01,168157654,2003-10-01,2003-10-31,127143793.33333333,78632425.88935162,106710412.0,62412055.3003099,146941089.0,,170463381.5,33265545.071606934,112757392.75,70355618.26279016,106710412.0,62412055.3003099,127143793.33333333,78632425.88935162
2003-11-01,184397992,2003-11-01,2003-11-30,116293580.66666667,21570040.605913386,96095950.8,50796416.32060338,109638959.0,,104236975.0,7639559.036522461,117735743.25,17846487.035106797,96095950.8,50796416.32060338,116293580.66666667,21570040.605913386
2003-12-01,123026144,2003-12-01,2003-12-31,108856996.0,32555795.60634332,91103306.6,34490928.680951975,142789123.0,,110333996.5,45898480.06483444,100691308.25,31197762.378574558,91103306.6,34490928.680951975,108856996.0,32555795.60634332
2004-01-01,137229787,2004-01-01,2004-01-31,128570324.33333333,114390405.05593917,102936405.4,92514944.81871396,260195230.0,,166254833.0,132851783.49211282,122450982.5,94197816.09535307,102936405.4,92514944.81871396,128570324.33333333,114390405.05593917
2004-02-01,180432881,2004-02-01,2004-02-29,176977319.33333334,130237360.69537288,154896397.8,96991166.19362186,131922024.0,,227840956.0,135649854.52274266,161941179.0,110508772.5556628,154896397.8,96991166.19362186,176977319.33333334,130237360.69537288
2004-03-01,151745862,2004-03-01,2004-03-31,307917685.0,165059222.0426026,227091942.8,160877610.67419484,493310356.0,,335116995.5,223719195.89647627,256265204.0,169808557.97444636,227091942.8,160877610.67419484,307917685.0,165059222.0426026
2004-04-01,200996491,2004-04-01,2004-04-30,171608845.0,65957804.79993309,131002703.2,72580563.51476857,138349442.0,,192962121.5,77233992.02643509,145857173.75,74517664.33553204,131002703.2,72580563.51476857,171608845.0,65957804.79993309
2004-05-01,27226326,2004-05-01,2004-05-31,171543824.33333334,91862076.69182302,130338926.2,87303207.2157886,132423736.0,,204457054.5,101870495.96544077,151023742.75,85498864.02073541,130338926.2,87303207.2157886,171543824.33333334,91862076.69182302
2004-06-01,39461917,2004-06-01,2004-06-30,151128760.66666666,88340442.35622406,105833396.4,88090516.31998989,116112116.0,,183860771.0,95811066.7335358,121644376.5,93166543.4005822,105833396.4,88090516.31998989,151128760.66666666,88340442.35622406
2004-07-01,40929612,2004-07-01,2004-07-31,83165545.0,14398455.533136982,67610670.6,23862499.151798513,67792812.0,,76580335.5,12427434.91337229,72214056.75,24858614.75195338,67610670.6,23862499.151798513,83165545.0,14398455.533136982
2004-08-01,61492110,2004-08-01,2004-08-31,584292594.6666666,671462470.1179541,375203150.2,554444722.7791182,1352561070.0,,821593857.5,750901033.0929371,454480176.75,606613238.5900879,375203150.2,554444722.7791182,584292594.6666666,671462470.1179541
2004-09-01,18032532,2004-09-01,2004-09-30,588769716.6666666,570942200.2126695,389263269.6,488292654.74174273,1206244241.0,,643114719.5,796385406.6779714,474152453.0,519485449.7585658,324520333.1666667,464643584.1027559,588769716.6666666,570942200.2126695
2004-10-01,271407452,2004-10-01,2004-10-31,169694805.66666666,23559931.470407728,123837445.0,65774406.53603983,168157654.0,,157549371.5,15002376.984985163,137397258.5,67398613.67905948,116951619.0,61200536.2913451,169694805.66666666,23559931.470407728
2004-11-01,265721527,2004-11-01,2004-11-30,130957314.0,46595181.939348824,131068193.0,33580409.56126133,184397992.0,,147018475.5,52862619.18924888,133319683.5,38337064.031979986,110812957.66666667,57997952.33880185,130957314.0,46595181.939348824
2004-12-01,207852428,2004-12-01,2004-12-31,114564712.33333333,33272091.991911992,105158275.4,28805281.818937257,123026144.0,,132907633.5,13974536.467347333,112399283.0,27509593.60785757,96423779.5,33489459.83884211,114564712.33333333,33272091.991911992
2005-01-01,240371996,2005-01-01,2005-01-31,156579817.66666666,95423351.19675013,125406743.4,81845000.03262453,137229787.0,,198712508.5,86949698.59690788,130735190.0,93499677.82115653,108651969.0,83923882.2710295,156579817.66666666,95423351.19675013
2005-02-01,324158546,2005-02-01,2005-02-28,212038264.33333334,99747765.42738104,165639519.4,96060034.44404322,180432881.0,,156177452.5,34302355.9458709,177841209.75,106352395.24276109,159152478.33333334,87375708.20723763,212038264.33333334,99747765.42738104
2005-03-01,357193686,2005-03-01,2005-03-31,273993284.3333333,190350895.7337507,235361335.6,154308354.73636308,151745862.0,,322528109.0,241522569.91995183,268874729.25,155757634.68390656,214534262.66666666,147144338.915831,273993284.3333333,190350895.7337507
2005-04-01,315338358,2005-04-01,2005-04-30,195640244.66666666,54809322.13827526,156885037.2,69084951.94234775,200996491.0,,169672966.5,44298153.16922592,178955756.5,55822902.50162604,142668334.5,70928642.18256488,195640244.66666666,54809322.13827526
2005-05-01,344046673,2005-05-01,2005-05-31,145380145.0,125136096.6401622,126264259.4,92453782.45600225,27226326.0,,79825031.0,74385801.97426152,135464449.75,104079997.29721124,113153492.83333333,88710285.26687974,145380145.0,125136096.6401622
2005-06-01,267721821,2005-06-01,2005-06-30,135727819.66666666,107425431.19057111,105207884.6,88661124.15711439,39461917.0,,77787016.5,54199875.492198326,123212049.75,91214363.8035215,94771483.16666667,83319546.31842814,135727819.66666666,107425431.19057111
2005-07-01,297710056,2005-07-01,2005-07-31,64696761.0,22380317.199588638,65957167.8,25675013.966942377,40929612.0,,54361212.0,18995150.884370465,72606561.75,24169792.239934627,63163827.5,23962086.176954072,64696761.0,22380317.199588638
2005-08-01,586795970,2005-08-01,2005-08-31,568226608.3333334,688847638.8874911,375882563.4,553960865.0853837,61492110.0,,707026590.0,912923616.5954635,453592473.5,607375215.6148578,322917976.8333333,512181214.6281674,568226608.3333334,688847638.8874911
2005-09-01,1379041796,2005-09-01,2005-09-30,434753990.3333333,668847843.953626,382928468.8,493971584.05089843,18032532.0,,612138386.5,840192556.9191567,446085420.5,546582013.4979112,327391480.0,462290475.1664596,434753990.3333333,668847843.953626
2005-10-01,914419484,2005-10-01,2005-10-31,195502065.0,66586458.753372915,164199297.2,83658091.28097422,271407452.0,,219782553.0,73008632.32194123,195122967.25,54372902.44192698,148432446.16666666,84205121.80660152,195502065.0,66586458.753372915
2005-11-01,583910095,2005-11-01,2005-11-30,186586159.33333334,78064288.0296596,159800052.2,67884810.46142648,265721527.0,,225059759.5,57504423.06856154,164648367.25,77380589.27374071,153510415.33333334,62642119.8922437,186586159.33333334,78064288.0296596
2005-12-01,704235453,2005-12-01,2005-12-31,157889231.66666666,44383381.750617206,131489912.0,48886029.532273464,207852428.0,,165439286.0,59981240.63925594,137886641.25,53978429.740545884,122273967.5,49208504.396158315,157889231.66666666,44383381.750617206
2006-01-01,612611225,2006-01-01,2006-01-31,212599004.33333334,66019916.257400036,152662551.2,94660911.47074056,240371996.0,,188800891.5,72932555.41046014,177527862.25,88462946.6116002,144567618.83333334,86958139.97839737,212599004.33333334,66019916.257400036
2006-02-01,526306771,2006-02-01,2006-02-28,212171150.33333334,99971037.82031336,207104677.0,112981753.20760192,324158546.0,,252295713.5,101629392.35204603,240068334.75,98872732.31494983,192059357.16666666,107564265.16094708,212171150.33333334,99971037.82031336
2006-03-01,1484439479,2006-03-01,2006-03-31,334083301.3333333,171950990.98275062,286538520.6,140553826.68581328,357193686.0,,254469774.0,145273549.53042033,294793384.75,160891948.36017895,255666727.33333334,146706197.1213873,334083301.3333333,171950990.98275062
2006-04-01,1070282572,2006-04-01,2006-04-30,218228097.0,89743887.14958914,206232276.8,77827952.11979495,315338358.0,,258167424.5,80851909.52923031,225564773.0,74730298.04611625,183293924.0,89458148.20346151,218228097.0,89743887.14958914
2006-05-01,1276519827,2006-05-01,2006-05-31,167898911.66666666,161361857.74443644,177180894.4,129714275.04027146,344046673.0,,185636499.5,224025815.78157505,195046777.0,142500733.77045363,162561328.33333334,121420858.13913663,167898911.66666666,161361857.74443644
2006-06-01,1051765227,2006-06-01,2006-06-30,141098618.0,116163203.7487315,152114004.0,102062039.56616947,267721821.0,,153591869.0,161404125.99139035,168726320.0,109768330.01667383,132293540.66666667,103394547.90661421,141098618.0,116163203.7487315
2006-07-01,447496606,2006-07-01,2006-07-31,135477493.33333334,141138092.55691904,117627260.6,102822423.46591116,297710056.0,,169319834.0,181571193.22849253,122950084.75,117930988.19645351,104582649.16666667,97359806.58671437,135477493.33333334,141138092.55691904
2006-08-01,674056204,2006-08-01,2006-08-31,666949716.6666666,649255906.5556496,480233172.8,529364830.4367805,586795970.0,,324144040.0,371445921.5894688,572868948.75,562518371.580364,411034797.8333333,502903757.7418303,666949716.6666666,649255906.5556496
2006-09-01,531860613,2006-09-01,2006-09-30,867772856.3333334,740951221.6415353,632676695.6,630987672.4840134,1379041796.0,,698537164.0,962378879.8321121,670825941.75,721912846.0026423,548947356.6666666,600483111.7114886,867772856.3333334,740951221.6415353
2006-10-01,799601393,2006-10-01,2006-10-31,451328196.6666667,404357868.1066972,338982270.6,325107374.86514527,914419484.0,,592913468.0,454678168.21174127,375231419.75,363546972.886515,289235995.0,315283992.2511002,451328196.6666667,404357868.1066972
2006-11-01,615538437,2006-11-01,2006-11-30,344676538.0,211134792.09353024,248500712.8,199115283.11118296,583910095.0,,424815811.0,224993294.1288369,285917143.25,208636684.63095713,230485059.33333334,183479970.00692838,344676538.0,211134792.09353024
2006-12-01,157415279,2006-12-01,2006-12-31,345038008.3333333,313952190.3182226,251156403.6,257556689.82200533,704235453.0,,456043940.5,350995803.0433915,294475787.0,275566334.6184549,226947502.16666666,237875564.5906238,345038008.3333333,313952190.3182226
2007-01-01,170147696,2007-01-01,2007-01-31,330071002.6666667,250062615.65151438,264544534.8,209114265.89492822,612611225.0,,426491610.5,263212883.04955217,312602059.5,207142938.73014092,229320663.5,205978997.99924645,330071002.6666667,250062615.65151438
2007-02-01,236719341,2007-02-01,2007-02-28,343632732.6666667,173757359.2849499,297316022.0,154007634.14174265,526306771.0,,425232658.5,142940380.70232397,290705055.5,177011589.0127583,260305026.0,164904712.02673855,343632732.6666667,173757359.2849499
2007-03-01,553822443,2007-03-01,2007-03-31,664459675.6666666,717514711.0007659,532722603.6,549969299.3233411,1484439479.0,,920816582.5,797083144.2943072,621672345.75,592065252.0969282,486188680.3333333,504941006.6988951,664459675.6666666,717514711.0007659
2007-04-01,532814695,2007-04-01,2007-04-30,528872473.6666667,472347527.32521385,394508332.8,383272872.8647866,1070282572.0,,692810465.0,533826173.1369481,431241715.75,432282913.4710587,350240659.3333333,359550048.73331624,528872473.6666667,472347527.32521385
2007-05-01,287659459,2007-05-01,2007-05-31,549264275.3333334,649437649.9255266,411341387.0,499145906.4432951,1276519827.0,,810283250.0,659358090.4678079,445054140.5,569753030.9135002,360404049.8333333,463556881.7751098,549264275.3333334,649437649.9255266
2007-06-01,220855449,2007-06-01,2007-06-30,452982988.3333333,530971536.85533947,345334101.4,406187588.38883543,1051765227.0,,659743524.0,554402409.1271975,368765270.25,465106810.0881086,302055874.5,378455697.6854196,452982988.3333333,530971536.85533947
2007-07-01,196447065,2007-07-01,2007-07-31,262045424.66666666,205616523.16546923,187859389.0,177473596.27234522,447496606.0,,372603331.0,105915085.23553786,213482271.5,193956066.62608021,172605484.83333334,163075416.4582345,262045424.66666666,205616523.16546923
2007-08-01,343974381,2007-08-01,2007-08-31,440781428.0,331359136.2421029,593106399.8,489252451.09153426,674056204.0,,630426087.0,61702303.18932494,668726338.5,530127136.01439077,512537011.3333333,480044713.4034653,440781428.0,331359136.2421029
2007-09-01,212612327,2007-09-01,2007-09-30,642978313.6666666,687274989.8872653,643032876.0,628276125.9483327,531860613.0,,955451204.5,599047559.3929415,783794795.5,627865485.094828,615874015.1666666,565871305.7576805,642978313.6666666,687274989.8872653
2007-10-01,263508453,2007-10-01,2007-10-31,661809443.0,342937435.165358,460105414.4,367617703.54602414,799601393.0,,857010438.5,81188650.7489941,538396495.75,373265426.3223261,415752124.3333333,346291072.37523353,661809443.0,342937435.165358
2007-11-01,462481561,2007-11-01,2007-11-30,488390019.6666667,193483930.14473134,351841402.0,233188741.34278625,615538437.0,,599724266.0,22364615.10588729,412392012.75,219226235.5894561,309673666.8333333,232745136.58880848,488390019.6666667,193483930.14473134
2007-12-01,259016112,2007-12-01,2007-12-31,356501053.3333333,302200903.4292665,267063685.4,246393425.54526755,157415279.0,,430825366.0,386660253.12500787,298132326.0,272967441.3021242,235532882.83333334,233522857.94871068,356501053.3333333,302200903.4292665
2008-01-01,318877644,2008-01-01,2008-01-31,341043639.0,237791039.36444503,284111186.8,190367531.20045763,170147696.0,,391379460.5,312868961.7836306,290090176.0,219274729.88951138,248811728.33333334,190966353.46711034,341043639.0,237791039.36444503
2008-02-01,235827614,2008-02-01,2008-02-29,362394886.0,148531926.45336533,279907912.6,155186076.8807284,236719341.0,,381513056.0,204769235.49938464,316904384.75,151609250.81670848,287216575.1666667,139952399.2548375,362394886.0,148531926.45336533
2008-03-01,332518690,2008-03-01,2008-03-31,798485202.6666666,602134261.5520492,608102365.2,513640602.86944443,553822443.0,,1019130961.0,658045616.8433254,636800367.5,588454237.513881,536239243.5,491982910.9793176,798485202.6666666,602134261.5520492
2008-04-01,327927689,2008-04-01,2008-04-30,639478541.6666666,388610439.5179279,451556311.6,377113778.56293494,532814695.0,,801548633.5,380047180.4966372,529858029.0,385675178.08481795,417559393.1666667,347428531.30304044,639478541.6666666,388610439.5179279
2008-05-01,144886110,2008-05-01,2008-05-31,636075319.6666666,555357321.6459359,413575204.2,498415995.25821525,287659459.0,,782089643.0,699229871.8594248,483863071.25,546158198.1526902,390727732.3333333,449295943.9919067,636075319.6666666,555357321.6459359
2008-06-01,269442265,2008-06-01,2008-06-30,513447499.0,466785385.82031685,339183306.0,408189565.8112703,220855449.0,,636310338.0,587541938.5780088,394951103.5,448803573.13965064,324587659.3333333,366842165.95078564,513447499.0,466785385.82031685
2008-07-01,471879662,2008-07-01,2008-07-31,313884575.6666667,126303916.50266911,210075230.2,168143559.1626836,196447065.0,,321971835.5,177518832.8548702,245645834.75,171059120.1802561,189290668.33333334,158775921.54433137,313884575.6666667,126303916.50266911
2008-08-01,339294518,2008-08-01,2008-08-31,534942185.0,171041263.24624273,603775947.0,481527623.334458,343974381.0,,509015292.5,233403095.3897177,416579666.25,274849326.96774685,551584396.6666666,449264765.12685317,534942185.0,171041263.24624273
2008-09-01,319512279,2008-09-01,2008-09-30,707838245.3333334,602798077.1777062,669558301.8,600758839.2977448,212612327.0,,372236470.0,225742627.91278234,535386817.0,601000550.5568087,571296117.8333334,588779829.1236658,707838245.3333334,602798077.1777062
2008-10-01,448758799,2008-10-01,2008-10-31,659176443.3333334,347434407.3865384,483418887.2,345843889.74662554,263508453.0,,531554923.0,379074953.22023296,562234195.5,343605843.8830862,427339254.1666667,338461147.41131043,659176443.3333334,347434407.3865384
2008-11-01,443670939,2008-11-01,2008-11-30,553976697.6666666,80799802.16347222,422409922.4,191172433.54317746,462481561.0,,539009999.0,108227554.92682853,481912905.0,158509199.12459794,370281428.5,213405245.331858,553976697.6666666,80799802.16347222
2008-12-01,675925928,2008-12-01,2008-12-31,373555614.6666667,290847982.50407904,290309083.2,237043105.0416996,259016112.0,,208215695.5,71842637.98850195,332129818.0,251514252.35097,265722423.16666666,220405467.32741556,373555614.6666667,290847982.50407904
2009-01-01,364704389,2009-01-01,2009-01-31,367212188.3333333,225156978.0302549,295847669.6,190333389.1855521,318877644.0,,244512670.0,105167954.7963226,335502140.25,194471639.15320328,289905596.3333333,170860436.14402276,367212188.3333333,225156978.0302549
2009-02-01,438445357,2009-02-01,2009-02-28,332951242.0,167451393.66518575,300689030.6,136212012.1389899,235827614.0,,236273477.5,630546.2086671365,330753068.0,136794154.49016494,272561196.1666667,139964353.3911972,332951242.0,167451393.66518575
2009-03-01,601718759,2009-03-01,2009-03-31,790260204.0,611275295.7159445,575944032.0,527471572.7776001,332518690.0,,443170566.5,156485384.44833276,681993574.5,544051140.691974,562171752.6666666,472989494.744854,790260204.0,611275295.7159445
2009-04-01,618616169,2009-04-01,2009-04-30,643674985.3333334,383393004.7067619,489471961.0,345997369.4778186,327927689.0,,430371192.0,144876991.31960884,561590828.5,353475174.8721209,430951541.1666667,341055979.2369482,643674985.3333334,383393004.7067619
2009-05-01,513403908,2009-05-01,2009-05-31,569688465.3333334,616282392.798005,416067679.0,496686681.02607876,144886110.0,,216272784.5,100956003.25061359,513278017.25,515685187.93970233,368793688.5,459093790.3672036,569688465.3333334,616282392.798005
2009-06-01,668556959,2009-06-01,2009-06-30,514020980.3333333,466333384.81131727,369849335.8,392707243.5740295,269442265.0,,245148857.0,34356067.069863044,452446190.5,400179588.22483283,327559799.1666667,366204332.0011137,514020980.3333333,466333384.81131727
2009-07-01,331548178,2009-07-01,2009-07-31,371941111.0,152470500.39618278,290892600.2,179394163.41138038,471879662.0,,334163363.5,194760257.09852153,353383347.25,129906625.60333417,253709302.16666666,184503112.73436385,371941111.0,152470500.39618278
2009-08-01,438266999,2009-08-01,2009-08-31,452441701.0,191938053.11708632,401122636.6,240522791.49588394,339294518.0,,341634449.5,3309162.86232402,486030268.25,170507804.9705723,559695708.8333334,444019691.01413244,452441701.0,191938053.11708632
2009-09-01,608758155,2009-09-01,2009-09-30,354661739.6666667,162500709.12876844,492211909.4,529359622.14597845,319512279.0,,266062303.0,75589680.96771644,610756753.75,529096347.80911046,611217298.0,556013473.525461,354661739.6666667,162500709.12876844
2009-10-01,446985615,2009-10-01,2009-10-31,503956215.0,272275551.8390674,539539116.2,301867628.4153739,448758799.0,,356133626.0,130991775.87375422,606572032.25,302560199.8815895,477642205.8333333,309655642.84497195,503956215.0,272275551.8390674
2009-11-01,191644087,2009-11-01,2009-11-30,507230312.3333333,94267954.66442654,474264511.8,138334248.28309914,443670939.0,,453076250.0,13301118.374536857,526400258.0,85989798.53367138,425953425.1666667,171209982.0355131,507230312.3333333,94267954.66442654
2009-12-01,471941319,2009-12-01,2009-12-31,364119106.3333333,274769544.9735556,400889040.0,266615298.51450196,675925928.0,,467471020.0,294799758.0368358,449148193.0,281517289.3698004,354578557.3333333,264073737.33580434,364119106.3333333,274769544.9735556
2010-01-01,185082476,2010-01-01,2010-01-31,284576576.3333333,101712826.7726298,341342590.0,168922964.9651333,364704389.0,,341791016.5,32404402.14920671,366585238.5,183844178.86220527,307323789.5,172544623.7900275,284576576.3333333,101712826.7726298
2010-02-01,52055252,2010-02-01,2010-02-28,303664104.0,116724840.60579452,352291525.8,127882783.6302496,438445357.0,,337136485.5,143272380.06401312,359324770.75,146545436.30509385,323648418.3333333,134185583.0978093,303664104.0,116724840.60579452
2010-03-01,75519706,2010-03-01,2010-03-31,496019964.0,143607152.4030411,665938611.4,472527821.36810774,601718759.0,,467118724.5,190353194.2857865,743124842.75,507929090.08615464,580239819.8333334,471902247.11208373,496019964.0,143607152.4030411
2010-04-01,43332369,2010-04-01,2010-04-30,493119517.6666667,149354371.9775929,572995896.6,307178941.87262505,618616169.0,,473271929.0,205547795.4208101,637410281.25,313289722.3142284,510995995.6666667,313928412.47400224,493119517.6666667,149354371.9775929
2010-05-01,57668623,2010-05-01,2010-05-31,315316492.3333333,185809110.32641277,513303195.4,446596476.6598599,513403908.0,,329145009.0,260581433.9537343,555617326.0,503978815.32571256,432290383.8333333,446023748.47043526,315316492.3333333,185809110.32641277
2010-06-01,73002463,2010-06-01,2010-06-30,386284891.0,245658930.1287497,495668344.2,359789591.25602794,668556959.0,,468999612.0,282216706.5985939,552654975.0,388520560.63397235,419633939.6666667,371814771.11241186,386284891.0,245658930.1287497
2010-07-01,155266100,2010-07-01,2010-07-31,333291635.0,137724575.164617,349016313.4,112925433.16263549,331548178.0,,401713920.0,99229343.95037149,361842877.75,126119254.09360461,297668529.8333333,161311165.22804782,333291635.0,137724575.164617
2010-08-01,1047306636,2010-08-01,2010-08-31,373845299.3333333,55839876.61502613,476477614.4,149201037.6800431,438266999.0,,388780758.5,69984112.46595673,448898025.5,156876941.26431975,407313363.6666667,215663907.95138094,373845299.3333333,55839876.61502613
2010-09-01,1840958984,2010-09-01,2010-09-30,380294253.6666667,204948080.23920563,610357034.0,458211749.9891257,608758155.0,,464135217.0,204527720.34984326,418185843.5,183699666.2568576,511636283.6666667,475858304.05776846,380294253.6666667,204948080.23920563
2010-10-01,258990943,2010-10-01,2010-10-31,386417622.3333333,106446155.28534588,574654748.8,271570563.25829715,446985615.0,,447872207.0,1253830.4306914872,489713565.0,224129567.5919083,524113532.6666667,272629682.5955693,386417622.3333333,106446155.28534588
2010-11-01,221155358,2010-11-01,2010-11-30,365932195.6666667,151230679.731196,459449023.8,167206527.66388127,191644087.0,,317657513.0,178209896.09029838,428333756.0,175564702.00312176,427161107.6666667,169178826.93803275,365932195.6666667,151230679.731196
2010-12-01,169272341,2010-12-01,2010-12-31,468961119.6666667,208470884.9224233,453706818.2,244014125.57300925,471941319.0,,573933623.5,144238900.28158644,391074659.5,230734932.94846764,412731086.5,240225682.04384512,468961119.6666667,208470884.9224233
2011-01-01,167026302,2011-01-01,2011-01-31,289554836.3333333,93332085.55763198,330284686.0,178711113.6308125,185082476.0,,274893432.5,127011872.73200007,259703051.25,96807894.41123857,315299237.6666667,164004608.71157905,289554836.3333333,93332085.55763198
2011-02-01,210130286,2011-02-01,2011-02-28,242109407.66666666,193271632.70700303,297870867.0,187055032.295202,52055252.0,,245250304.5,273219063.4288821,240761891.0,157828638.7536228,302252146.8333333,167650952.16978362,242109407.66666666,193271632.70700303
2011-03-01,372411007,2011-03-01,2011-03-31,336585718.3333333,263123101.1981318,609603815.4,531632668.42793715,75519706.0,,338619232.5,372078918.63023955,390894899.5,240735940.1752402,567535460.5,486544051.6703511,336585718.3333333,263123101.1981318
2011-04-01,139495956,2011-04-01,2011-04-30,329958742.3333333,287647277.96181583,518594698.8,379734842.6803347,43332369.0,,330974269.0,406787076.0867656,380672730.5,255828598.9921833,484718642.0,349634614.9085753,329958742.3333333,287647277.96181583
2011-05-01,248568252,2011-05-01,2011-05-31,238652880.33333334,241904563.64559528,456027585.4,489986292.54980993,57668623.0,,285536265.5,322253510.4494839,250904525.0,199028364.30149922,437364100.0,440635005.00189775,238652880.33333334,241904563.64559528
2011-06-01,240911786,2011-06-01,2011-06-30,337000562.3333333,303470562.13146573,456724472.6,399029417.43696564,73002463.0,,370779711.0,421120622.6877366,307964284.0,254496908.7396972,425224030.6666667,365148254.59810036,337000562.3333333,303470562.13146573
2011-07-01,215716981,2011-07-01,2011-07-31,319564646.6666667,158646590.5022692,320527522.2,143053635.78378558,155266100.0,,243407139.0,124650252.7554559,288785251.25,143417729.66010356,316724611.1666667,128289699.36332643,319564646.6666667,158646590.5022692
2011-08-01,360778822,2011-08-01,2011-08-31,608289384.3333334,383407092.32425374,568579747.6,300127229.77005064,1047306636.0,,742786817.5,430656057.33409333,542210633.5,339803282.6157917,571615784.6666666,268544946.6401795,608289384.3333334,383407092.32425374
2011-09-01,215516400,2011-09-01,2011-09-30,923076472.6666666,807958552.5597473,702740471.6,655870305.3217208,1840958984.0,,1224858569.5,871297561.9695854,745460436.25,749258193.5971256,815457359.0,648354275.1868854,923076472.6666666,807958552.5597473
2011-10-01,514873626,2011-10-01,2011-10-31,384911785.6666667,109054252.59377567,443569040.6,219822958.22368696,258990943.0,,352988279.0,132932307.39814077,354560952.5,107764769.91500834,522044114.5,274968597.68241364,384911785.6666667,109054252.59377567
2011-11-01,277428863,2011-11-01,2011-11-30,285490128.0,137781005.60480806,386898076.4,178049996.24165398,221155358.0,,206399722.5,20867619.845533904,329737986.25,143133604.8679571,419733412.8333333,178410753.155362,285490128.0,137781005.60480806
2011-12-01,315698244,2011-12-01,2011-12-31,439046529.3333333,254923546.76530436,346714195.8,223087898.95564818,169272341.0,,320606830.0,214019286.79860196,394038925.0,226774662.57992408,406301072.0,247220839.37241444,439046529.3333333,254923546.76530436
2012-01-01,347996205,2012-01-01,2012-01-31,238937722.33333334,109290654.62432231,241167701.4,93523378.28352123,167026302.0,,176054389.0,12767643.07768423,258922702.75,97778129.25782603,303074955.3333333,173182985.20884603,238937722.33333334,109290654.62432231
2012-02-01,499540637,2012-02-01,2012-02-29,233543631.66666666,194256188.77389178,234635570.0,137368367.7310442,210130286.0,,131092769.0,111775928.47769406,234114627.25,158613625.08245203,283247436.8333333,171098615.8465448,233543631.66666666,194256188.77389178
2012-03-01,429217741,2012-03-01,2012-03-31,349883157.3333333,263821888.50146067,387198121.0,208647251.42074823,372411007.0,,223965356.5,209933852.2123964,345542040.5,215584570.6053521,570071680.6666666,485266291.1961779,349883157.3333333,263821888.50146067
2012-04-01,230070143,2012-04-01,2012-04-30,267148164.66666666,308154470.0612319,332437375.6,246413172.0472188,139495956.0,,91414162.5,67997924.47092253,282343045.75,253435703.72718272,455411575.0,373244535.65340185,267148164.66666666,308154470.0612319
2012-05-01,455211521,2012-05-01,2012-05-31,273213594.3333333,228865041.3946027,250437270.4,172366786.19068065,248568252.0,,153118437.5,134986422.1918961,241131723.25,197576459.2688088,421451029.8333333,446365861.9098185,273213594.3333333,228865041.3946027
2012-06-01,327831864,2012-06-01,2012-06-30,327490402.6666667,307071949.3447565,294553784.4,222431371.2499977,240911786.0,,156957124.5,118729820.91774233,312978368.25,252397539.5176583,420755691.5,367616784.25635797,327490402.6666667,307071949.3447565
2012-07-01,275690508,2012-07-01,2012-07-31,234177086.33333334,89579151.43987378,274171597.2,128430052.20394999,215716981.0,,185491540.5,42745227.88380102,293602730.25,139553734.69778734,303059098.6666667,134916081.67007914,234177086.33333334,89579151.43987378
2012-08-01,230807415,2012-08-01,2012-08-31,615450819.0,375999586.9695191,505924271.2,305259239.99477065,360778822.0,,704042729.0,485448472.7525768,546411743.75,336624472.14415836,533946260.0,281527892.08103687,615450819.0,375999586.9695191
2012-09-01,199827798,2012-09-01,2012-09-30,888411179.6666666,848039066.9798536,639471629.0,690803167.9253571,215516400.0,,1028237692.0,1149361473.5757844,746186454.5,748570857.8424463,621536459.6666666,619432994.9612464,888411179.6666666,848039066.9798536
2012-10-01,390920105,2012-10-01,2012-10-31,406950061.3333333,132556105.22668141,386623487.2,117685873.76176265,514873626.0,,386932284.5,180936380.3375077,417402245.75,110231907.0183314,455453138.1666667,198758891.67434642,406950061.3333333,132556105.22668141
2012-11-01,425175749,2012-11-01,2012-11-30,230076102.66666666,43582584.96691586,319276161.6,126145433.95188385,277428863.0,,249292110.5,39791376.98663509,283474811.75,112569902.73602512,368653207.5,165404632.27005315,230076102.66666666,43582584.96691586
2012-12-01,1166233211,2012-12-01,2012-12-31,318970634.6666667,151361021.95214456,378370788.8,199493140.61161995,315698244.0,,242485292.5,103538748.95266363,408209458.0,217089174.46663073,341544870.5,199937240.33481032,318970634.6666667,151361021.95214456
2013-01-01,1154300424,2013-01-01,2013-01-31,233368327.66666666,99680334.32597853,276737403.2,93580124.39341088,347996205.0,,257511253.5,127965045.60197173,266202343.0,104577258.29515155,258972452.0,94336380.53274722,233368327.66666666,99680334.32597853
2013-02-01,343375537,2013-02-01,2013-02-28,253908725.0,226932162.19413918,287199829.2,181545875.40538868,499540637.0,,354835461.5,204644021.73767892,300042883.0,206991738.07074344,278786414.5,163682122.36787555,253908725.0,226932162.19413918
2013-03-01,434795654,2013-03-01,2013-03-31,292382818.0,189944618.94636577,362277180.6,190414954.4630192,429217741.0,,400814374.0,40168426.82846041,369716803.25,219031550.1087509,394201391.0,187406550.48451146,292382818.0,189944618.94636577
2013-04-01,1857509275,2013-04-01,2013-04-30,137632822.66666666,93382827.69857691,271888465.2,220723204.97662097,230070143.0,,184783049.5,64045621.82815844,257878659.25,252289146.02460453,315376170.1666667,224325810.97976267,137632822.66666666,93382827.69857691
2013-05-01,513908759,2013-05-01,2013-05-31,253816132.0,198823399.32948133,283947682.8,196069821.50202423,455211521.0,,351889886.5,146118856.7964559,318713076.0,207846777.16074923,284566312.1666667,175376726.32601032,253816132.0,198823399.32948133
2013-06-01,482815923,2013-06-01,2013-06-30,213915371.0,129541926.49734628,315949067.4,218683592.73874426,327831864.0,,284371825.0,61461776.575063646,327575768.0,250723254.86856288,300100131.0,199411994.86632553,213915371.0,129541926.49734628
2013-07-01,417238381,2013-07-01,2013-07-31,215557863.0,60212361.6829722,290020285.8,121122265.46866594,275690508.0,,245703744.5,42407687.6333745,244555441.75,76029318.64141083,274424749.0,114873004.4975342,215557863.0,60212361.6829722
2013-08-01,467431391,2013-08-01,2013-08-31,546297624.3333334,438726183.3852608,483290878.0,323895422.7831841,230807415.0,,295793118.5,91903663.25005671,519289968.0,362267990.1136856,460071461.8333333,295231169.83584785,546297624.3333334,438726183.3852608
2013-09-01,473160466,2013-09-01,2013-09-30,752101060.6666666,943011249.1176938,636914723.2,692798890.8873404,199827798.0,,207672099.0,11093516.861536833,716265334.25,773293998.2910227,566197657.1666666,643414068.1877885,752101060.6666666,943011249.1176938
2013-10-01,212735257,2013-10-01,2013-10-31,388261558.0,127962055.9733745,412105817.6,96195455.97071676,390920105.0,,452896865.5,87648375.25104912,402942572.25,108527971.34190875,387339590.1666667,105276059.61095259,388261558.0,127962055.9733745
2013-11-01,600629269,2013-11-01,2013-11-30,307919990.0,105372489.7933318,311814999.2,116274753.81614147,425175749.0,,351302306.0,104472824.98979579,278851014.25,103837673.6776216,336926092.8333333,120827384.48206039,307919990.0,105372489.7933318
2013-12-01,152329230,2013-12-01,2013-12-31,550401265.3333334,538327851.0768652,559814208.6,387641308.78351116,1166233211.0,,740965727.5,601419042.8019764,530786278.75,441290049.31527865,509681192.5,367821346.90636414,550401265.3333334,538327851.0768652
2014-01-01,213145551,2014-01-01,2014-01-31,556440977.0,525608661.6707497,443821959.2,407364630.90157276,1154300424.0,,751148314.5,570143180.9542232,463601351.75,467603565.2292651,422997906.6666667,367911131.92063904,556440977.0,525608661.6707497
2014-02-01,322886822,2014-02-01,2014-02-28,351015486.6666667,144856357.95389757,308709413.8,180304543.76608813,343375537.0,,421458087.0,110425401.19467531,276275428.0,190612735.9449841,296562447.1666667,163991083.88112333,351015486.6666667,144856357.95389757
2014-03-01,251718615,2014-03-01,2014-03-31,412141467.3333333,34520434.340877324,382732573.4,191906660.4374894,434795654.0,,432006697.5,3944180.107168599,327986027.0,170654600.90148208,374363592.8333333,172866341.6358643,412141467.3333333,34520434.340877324
2014-04-01,342495117,2014-04-01,2014-04-30,742358458.0,966810182.6778116,577804782.4,747997982.1298404,1857509275.0,,1043789709.0,1150773246.205549,567601935.75,863311833.0950843,536158600.1666667,676762300.947624,742358458.0,966810182.6778116
2014-05-01,420205453,2014-05-01,2014-05-31,405896177.3333333,139375028.26717326,357752212.6,200051200.9822733,513908759.0,,484560140.0,41505215.0267207,318839288.75,208004502.520724,322274528.8333333,198918030.0632538,405896177.3333333,139375028.26717326
2014-06-01,478119718,2014-06-01,2014-06-30,350519857.6666667,122537592.87211709,358623799.0,227961650.37961882,482815923.0,,405323893.5,109590279.09471597,281140509.0,171068067.9249406,343760210.0,207120179.85412523,350519857.6666667,122537592.87211709
2014-07-01,466652528,2014-07-01,2014-07-31,302881956.6666667,103475841.74547204,279092029.6,101485084.97021483,417238381.0,,346464444.5,100089460.86083221,265977992.5,112186348.70078647,311223301.6666667,120141124.70283562,302881956.6666667,103475841.74547204
2014-08-01,2356335470,2014-08-01,2014-08-31,353005876.0,118503335.48745085,508918252.6,314589311.47998345,467431391.0,,349119403.0,167318418.02092287,526581066.0,360382315.53251696,480647630.1666667,289773215.5920705,353005876.0,118503335.48745085
2014-09-01,1107916667,2014-09-01,2014-09-30,296168221.3333333,153480370.28326294,667644360.6,678459800.7531892,473160466.0,,336494132.0,193275383.06261125,682365912.0,782495223.2952759,609622347.0,623253949.3365743,296168221.3333333,153480370.28326294
2014-10-01,178767566,2014-10-01,2014-10-31,372842996.0,151878191.02110562,364901109.2,126765551.22593519,212735257.0,,301827681.0,125995714.32549423,344379982.75,136449853.17559344,378877390.8333333,118438265.23492172,372842996.0,151878191.02110562
2014-11-01,849415299,2014-11-01,2014-11-30,434411293.6666667,161798013.19425622,343206665.2,169690736.0526094,600629269.0,,512902509.0,124064373.77504954,381097309.75,169770202.25392568,359950710.8333333,157220021.32898968,434411293.6666667,161798013.19425622
2014-12-01,287064345,2014-12-01,2014-12-31,544753561.6666666,544380450.2234125,455094869.0,417969649.9367183,152329230.0,,659281220.5,716938380.4371364,450883256.5,482507257.1046257,491900045.5,384560305.69698066,544753561.6666666,544380450.2234125
2015-01-01,342224783,2015-01-01,2015-01-31,571814060.0,508934129.24023116,413510191.6,420161209.879261,213145551.0,,683722987.5,665496992.8450639,470617120.5,462211258.5463579,405375891.1666667,376331442.86785537,571814060.0,508934129.24023116
2015-02-01,232148864,2015-02-01,2015-02-28,388600998.6666667,96621164.22262727,285597706.8,166386404.9087209,322886822.0,,333131179.5,14487709.314298535,343983320.5,119107997.50825961,311072315.1666667,161373116.16055915,388600998.6666667,96621164.22262727
2015-03-01,304184257,2015-03-01,2015-03-31,371910670.0,104126729.72009233,312732544.6,151675931.62156165,251718615.0,,343257134.5,129455015.75645402,372035754.25,85019486.85887155,360896913.6666667,179786843.99075302,371910670.0,104126729.72009233
2015-04-01,730141897,2015-04-01,2015-04-30,810024845.0,908888093.7794509,522580572.0,754397181.092987,342495117.0,,1100002196.0,1071276784.7154275,642392622.75,814322187.9300945,538586504.8333334,675891429.7341156,810024845.0,908888093.7794509
2015-05-01,389089245,2015-05-01,2015-05-31,463108577.6666667,47348178.6009749,339112521.6,185753666.59267324,420205453.0,,467057106.0,66258243.0921981,409473496.25,114023920.7893519,368161086.0,180738635.2839461,463108577.6666667,47348178.6009749
2015-06-01,638821638,2015-06-01,2015-06-30,429589168.3333333,88155687.98574752,320536350.8,172361175.01726484,478119718.0,,480467820.5,3320718.4013421703,382419822.75,118662289.15371567,378539785.5,209649923.31181222,429589168.3333333,88155687.98574752
2015-07-01,1264843775,2015-07-01,2015-07-31,386527139.0,99116136.72610037,306112899.6,132262566.38119115,466652528.0,,441945454.5,34941078.430248894,343824599.5,117657836.79240236,310352112.6666667,118754093.55950126,386527139.0,99116136.72610037
2015-08-01,389455025,2015-08-01,2015-08-31,349119403.0,167318418.02092287,526581066.0,360382315.53251696,0.0,0.0,467431391.0,,353005876.0,118503335.48745085,508918252.6,314589311.47998345,349119403.0,167318418.02092287
2015-09-01,344370606,2015-09-01,2015-09-30,593634977.0,465877590.5223835,767476063.0,703876956.4889568,1107916667.0,,790538566.5,448840414.12731117,499105332.75,424779983.20945,741023078.3333334,632892390.7644764,593634977.0,465877590.5223835
2015-10-01,362042644,2015-10-01,2015-10-31,260807642.66666666,113953458.25730865,311257499.4,139461164.27194306,178767566.0,,195751411.5,24018784.64734926,324324138.5,157462084.55048323,333878852.0,136491342.7027146,260807642.66666666,113953458.25730865
2015-11-01,1500986724,2015-11-01,2015-11-30,625073439.0,213173490.45153877,474760907.6,255892143.27727365,849415299.0,,725022284.0,175918288.87747985,538162295.0,245986745.90259898,427574770.8333333,256405577.57311916,625073439.0,213173490.45153877
2015-12-01,844468775,2015-12-01,2015-12-31,535208928.6666667,550619761.2456708,418119474.2,424237276.79446197,287064345.0,,219696787.5,95272113.48044932,480331257.5,462782507.7580903,427089781.6666667,380085006.4312771,535208928.6666667,550619761.2456708
2016-01-01,259913748,2016-01-01,2016-01-31,569890252.6666666,510212503.0826072,444938653.0,404383919.2042618,342224783.0,,277685167.0,91272800.25755161,514416740.75,431107613.3620087,401629290.1666667,376928758.1798118,569890252.6666666,510212503.0826072
2016-02-01,341844193,2016-02-01,2016-02-29,299470407.6666667,59195350.67752353,321616429.2,114636056.4349226,232148864.0,,277517843.0,64161425.41282014,349487965.0,111099432.31596553,276689566.3333333,150411696.32113802,299470407.6666667,59195350.67752353
2016-03-01,186376999,2016-03-01,2016-03-31,330232842.0,94277235.52177668,358465454.8,79636674.93763615,304184257.0,,277951436.0,37098811.237505734,354979066.75,91514847.51628603,311307830.0,135707956.49763367,330232842.0,94277235.52177668
2016-04-01,231888076,2016-04-01,2016-04-30,976715429.6666666,787029767.5398955,659942477.6,706314700.6418049,730141897.0,,536318507.0,274107666.8431297,790054108.0,743178107.4242265,557174126.1666666,680053210.7211381,976715429.6666666,787029767.5398955
2016-05-01,162915776,2016-05-01,2016-05-31,441067819.0,64972351.85167239,405396646.0,99167506.89584225,389089245.0,,404647349.0,22002481.6816111,444603744.5,53518988.03220415,347441975.5,167391214.03386426,441067819.0,64972351.85167239
2016-06-01,169414359,2016-06-01,2016-06-30,533252426.3333333,91455767.58352427,433700185.8,153977051.2871936,638821638.0,,558470678.0,113633417.38169807,481897285.75,126986246.52639931,373583898.6666667,201620816.70964313,533252426.3333333,91455767.58352427
2016-07-01,1864298131,2016-07-01,2016-07-31,716244894.6666666,475742564.9531211,528028434.6,424308601.42912567,1264843775.0,,865748151.5,564406443.4374465,606106298.0,446552759.82604843,465901378.8333333,408887341.1427647,716244894.6666666,475742564.9531211
2016-08-01,239321987,2016-08-01,2016-08-31,428443208.0,55137617.17088415,362118163.25,98458936.26350161,389455025.0,,389455025.0,,362564610.3333333,120582118.51357192,499155857.8,318068027.6851176,428443208.0,55137617.17088415
2016-09-01,396187057,2016-09-01,2016-09-30,641815913.0,408759271.0498825,468158387.4,374322177.721338,344370606.0,,726143636.5,539908597.4813772,531318884.25,400284650.2550414,696958486.8333334,652832740.5939864,641815913.0,408759271.0498825
2016-10-01,227298949,2016-10-01,2016-10-31,251181822.33333334,97498935.08866762,331867839.6,137405488.18976754,362042644.0,,270405105.0,129595050.47629343,286116393.0,105920056.99082738,319721690.1666667,126449152.72185837,251181822.33333334,97498935.08866762
2016-11-01,268301476,2016-11-01,2016-11-30,983677097.3333334,464952212.12754196,730727180.8,480404293.8876042,1500986724.0,,1175201011.5,460730573.04488194,844051760.25,471276258.7528335,645798543.6666666,477396972.0269186,983677097.3333334,464952212.12754196
2016-12-01,170561775,2016-12-01,2016-12-31,427954116.6666667,366949224.3600139,553158761.0,432602546.73933995,844468775.0,,565766560.0,394144452.3164222,612523890.25,475428046.558771,489177691.0,417465489.1920524,427954116.6666667,366949224.3600139
2017-01-01,334736163,2017-01-01,2017-01-31,271761360.6666667,65350106.94598729,463516142.2,390313573.1533772,259913748.0,,301069265.5,58202691.01498325,492396126.5,444483847.3584321,414101168.8333333,369495312.37510395,271761360.6666667,65350106.94598729
2017-02-01,148489157,2017-02-01,2017-02-28,298959959.6666667,58631368.370039545,347959210.6,96275637.34286547,341844193.0,,286996528.5,77566311.00038934,310063854.0,52772569.72543133,324987723.1666667,102865611.77584426,298959959.6666667,58631368.370039545
2017-03-01,355066030,2017-03-01,2017-03-31,247426623.66666666,59020787.87659224,321258653.2,109391758.9988475,186376999.0,,245280628.0,83302311.00479315,294268881.25,105352221.8547345,329784045.5,100046686.26547778,247426623.66666666,59020787.87659224
2017-04-01,210576008,2017-04-01,2017-04-30,434841696.6666667,261648878.49439374,678420901.6,690322488.6759206,231888076.0,,481014986.5,352318655.5812082,790508591.25,742721919.7127485,588600077.3333334,655471428.4612515,434841696.6666667,261648878.49439374
2017-05-01,215861421,2017-05-01,2017-05-31,324070158.0,140428293.90271127,388266150.8,134230525.14061326,162915776.0,,276002510.5,159928793.6543854,371529808.25,148850296.47163445,364983167.6666667,132916706.71944274,324070158.0,140428293.90271127
2017-06-01,278268154,2017-06-01,2017-06-30,428785238.3333333,238560718.80662066,419400700.4,177829260.82958555,169414359.0,,404117998.5,331921070.1192257,442292909.5,196648518.325823,389652548.0,174952314.16885906,428785238.3333333,238560718.80662066
2017-07-01,384463006,2017-07-01,2017-07-31,1198598144.6666667,701173780.5637087,857744664.6,682763768.2293748,1864298131.0,,1564570953.0,423878240.1394147,1003258203.75,693104525.8612224,750740050.6666666,664554749.4251701,1198598144.6666667,701173780.5637087
2017-08-01,255296730,2017-08-01,2017-08-31,314388506.0,106160089.24993762,331753954.5,116148830.90960439,239321987.0,,314388506.0,106160089.24993762,365402801.0,115941179.73273532,337558928.0,101421899.89311685,314388506.0,106160089.24993762
2017-09-01,600000384,2017-09-01,2017-09-30,616158110.0,426662741.44293463,504292518.8,351884886.1055777,396187057.0,,370278831.5,36639763.87912046,580408699.0,355630161.12874156,456163165.6666667,336090741.10101116,616158110.0,426662741.44293463
2017-10-01,1717651342,2017-10-01,2017-10-31,256036386.33333334,94956931.19694826,274352904.2,95426370.5609918,227298949.0,,294670796.5,95278180.4566319,245211104.0,80498195.45770468,314439691.1666667,130102485.35143544,256036386.33333334,94956931.19694826
2017-11-01,1012391516,2017-11-01,2017-11-30,872901166.3333334,616678132.9287627,728901703.4,482569851.94978964,268301476.0,,884644100.0,871640097.9294211,804833192.0,521594615.52152073,653656230.0,469329540.10142404,872901166.3333334,616678132.9287627
2017-12-01,1128393223,2017-12-01,2017-12-31,434031631.6666667,360190503.3102228,524131467.2,456716512.57018024,170561775.0,,507515275.0,476524209.58908266,363606031.25,326083618.9682636,489392596.6666667,417268154.83451915,434031631.6666667,360190503.3102228
2018-01-01,767552575,2018-01-01,2018-01-31,312291564.6666667,45514795.57738679,460864133.8,391338409.4873384,334736163.0,,297324955.5,52907437.03125405,287505061.25,61956011.955784015,442052812.3333333,353043616.97104436,312291564.6666667,45514795.57738679
2018-02-01,347496503,2018-02-01,2018-02-28,240827404.66666666,96969223.40473582,277748914.6,85498448.10695395,148489157.0,,245166675.0,136722657.132169,261342259.0,89174681.67450847,314714201.6666667,118518278.71887289,240827404.66666666,96969223.40473582
2018-03-01,860803735,2018-03-01,2018-03-31,281875762.0,86528891.16823067,306428311.0,95202818.47993167,355066030.0,,270721514.5,119281157.73188773,274336475.25,72241696.52398752,326893216.0,98811615.39602724,281875762.0,86528891.16823067
2018-04-01,2160428171,2018-04-01,2018-04-30,390868660.3333333,294012411.13142854,674522074.6,693535325.5165497,210576008.0,,221232042.0,15069907.803908821,378775274.5,241275496.45553783,600446752.6666666,646309460.0179075,390868660.3333333,294012411.13142854
2018-05-01,684764939,2018-05-01,2018-05-31,255955480.66666666,118297336.12930243,340396130.8,146505417.74136987,215861421.0,,189388598.5,37438224.61379562,297017973.75,126783357.91052376,359532029.1666667,139169556.9435177,255955480.66666666,118297336.12930243
2018-06-01,509145510,2018-06-01,2018-06-30,362168050.3333333,245693290.19756323,409487958.4,185428703.01863492,278268154.0,,223841256.5,76971256.6023903,391155967.25,208817286.65847158,395878609.3333333,169169528.6233569,362168050.3333333,245693290.19756323
2018-07-01,1545511955,2018-07-01,2018-07-31,1171201637.3333333,744348464.6024526,879499164.2,660966649.8233286,384463006.0,,1124380568.5,1046401451.9255421,995064360.0,702472148.7026733,778864388.1666666,640519850.2986577,1171201637.3333333,744348464.6024526
2018-08-01,1054365212,2018-08-01,2018-08-31,294691247.3333333,82455613.94909437,337876283.25,109509854.15162367,255296730.0,,247309358.5,11295849.10301233,294691247.3333333,82455613.94909437,316462509.6,106240550.7652308,294691247.3333333,82455613.94909437
2018-09-01,1088212750,2018-09-01,2018-09-30,446852682.3333333,135136597.71836644,584327036.0,308109356.32104534,600000384.0,,498093720.5,144117785.61789125,612118678.5,348462333.6666961,520243829.6666667,317151453.35599285,446852682.3333333,135136597.71836644
2018-10-01,386674265,2018-10-01,2018-10-31,768997645.0,824315985.2019061,539699151.6,662175218.8811202,1717651342.0,,972475145.5,1053838283.4478985,621440125.25,734908689.6878273,514902643.8333333,595373846.5743535,768997645.0,824315985.2019061
2018-11-01,1073836658,2018-11-01,2018-11-30,927226572.0,620739906.0186945,846344856.8,461152684.8866003,1012391516.0,,640346496.0,526151113.0973694,907773753.75,508323062.465399,776150005.5,446870609.81526935,927226572.0,620739906.0186945
2018-12-01,474146064,2018-12-01,2018-12-31,714474591.0,491969650.07997555,516563469.6,443540059.80581963,1128393223.0,,649477499.0,677289112.11453,607622029.5,455001066.6613734,624841759.8333334,477207875.60261816,714474591.0,491969650.07997555
2019-01-01,294505668,2019-01-01,2019-01-31,454067495.3333333,274051582.41984355,383514564.0,221287219.81761673,767552575.0,,551144369.0,306047419.9340306,426106817.25,230644122.60753447,511978874.0,371743057.2133726,454067495.3333333,274051582.41984355
2019-02-01,612180570,2019-02-01,2019-02-28,279276617.6666667,113300516.56020896,278573107.8,86305293.23659554,347496503.0,,247992830.0,140719443.86253753,267494679.25,95463401.32893842,289373512.6666667,81601319.74562237,279276617.6666667,113300516.56020896
2019-03-01,1376246984,2019-03-01,2019-03-31,467415588.0,350969618.2648862,391629927.2,269634783.34449494,860803735.0,,607934882.5,357610560.70722175,426607755.25,297961237.1070123,398824215.0,241811661.7805716,467415588.0,350969618.2648862
2019-04-01,630015818,2019-04-01,2019-04-30,221232042.0,15069907.803908821,378775274.5,241275496.45553783,0.0,0.0,210576008.0,,390868660.3333333,294012411.13142854,674522074.6,693535325.5165497,221232042.0,15069907.803908821
2019-05-01,695367151,2019-05-01,2019-05-31,354514045.3333333,287228219.20354635,374567366.8,205243895.63253257,684764939.0,,450313180.0,331564857.3000283,363157845.25,235157169.52545685,397790932.1666667,192187536.75921175,354514045.3333333,287228219.20354635
2019-06-01,421127088,2019-06-01,2019-06-30,318942674.3333333,173479469.0826735,414753875.8,188382060.8370806,509145510.0,,393706832.0,163254944.05002064,398912415.25,213644694.08635607,426097550.3333333,170769770.12249446,318942674.3333333,173479469.0826735
2019-07-01,562002415,2019-07-01,2019-07-31,1264757697.3333333,778842226.7663794,1105153879.0,656276504.7946405,1545511955.0,,964987480.5,820985585.127414,1264779216.75,635922016.693307,990501296.0,650715275.1609625,1264757697.3333333,778842226.7663794
2019-08-01,505698212,2019-08-01,2019-08-31,516327976.3333333,466022368.9119978,484609738.5,385757374.51914996,1054365212.0,,654830971.0,565026742.2546407,484609738.5,385757374.51914996,481174069.0,334164006.3224897,516327976.3333333,466022368.9119978
2019-09-01,738993138,2019-09-01,2019-09-30,694800063.6666666,355619353.22998035,707337492.8,369327241.7136587,1088212750.0,,844106567.0,345218274.6577287,607192699.25,339131661.93669516,668307988.3333334,343892283.2675033,694800063.6666666,355619353.22998035
2019-10-01,633543263,2019-10-01,2019-10-31,777208185.3333334,818336801.7072178,574486953.2,645051229.3312787,386674265.0,,1052162803.5,941142916.7505497,673416800.0,699671842.6257048,514195003.8333333,595553176.2320064,777208185.3333334,818336801.7072178
2019-11-01,378426449,2019-11-01,2019-11-30,784843216.6666666,448392020.1754961,940986334.6,446441070.58965844,1073836658.0,,1043114087.0,43448276.57917034,963879093.5,512105767.01689625,884260157.0,422794109.41737676,784843216.6666666,448392020.1754961
2019-12-01,812206037,2019-12-01,2019-12-31,591033687.3333334,489496994.9456591,580926836.4,398538134.5247555,474146064.0,,801269643.5,462622602.70093334,654392459.25,419279788.791494,509493902.0,397092055.37047184,591033687.3333334,489496994.9456591
2020-01-01,1110807634,2020-01-01,2020-01-31,465598135.3333333,262272731.91812038,399786587.4,208233777.19965056,294505668.0,,531029121.5,334494675.7590221,414177038.5,237559481.82164466,368679748.0,201233340.97065356,465598135.3333333,262272731.91812038
2020-02-01,1417757570,2020-02-01,2020-02-29,369388743.3333333,232619612.80724686,336431857.4,174918890.92202607,612180570.0,,479838536.5,187159898.6477345,362502605.75,190431785.87531552,334174351.5,156549904.88162085,369388743.3333333,232619612.80724686
2020-03-01,2159757958,2020-03-01,2020-03-31,864038916.3333334,510598163.9232384,616535601.0,496939238.81087804,1376246984.0,,1118525359.5,364473416.6847261,694623437.0,537227520.2855494,555732770.0,468765177.0360457,864038916.3333334,510598163.9232384
2020-04-01,2535766645,2020-04-01,2020-04-30,420295913.0,296588733.95059705,450655449.75,268191547.25908527,630015818.0,,630015818.0,,357493300.6666667,236251863.27494198,429023383.2,237244095.88445982,420295913.0,296588733.95059705
2020-05-01,1491114638,2020-05-01,2020-05-31,531997837.0,273833483.82879883,429599706.4,252084857.4385176,695367151.0,,690066045.0,7496896.000777388,439727321.75,289905576.32077366,428033997.5,225504166.1388885,531997837.0,273833483.82879883
2020-06-01,2856350539,2020-06-01,2020-06-30,402846917.3333333,116519148.03194164,403355349.8,185288261.4212714,421127088.0,,465136299.0,62238423.0655392,344488777.75,150578322.01627705,415816077.8333333,168514124.97217596,402846917.3333333,116519148.03194164
2020-07-01,2688166942,2020-07-01,2020-07-31,830659125.3333334,625412652.9730971,1124223856.4,634095146.7264624,562002415.0,,1053757185.0,695446265.095662,1089068876.75,726541847.5041835,1014628635.0,627477489.1611117,830659125.3333334,625412652.9730971
2020-08-01,990365558,2020-08-01,2020-08-31,605120051.3333334,408706662.94270694,488827433.2,334208780.1656964,505698212.0,,780031712.0,387966156.31327945,513670535.25,380542788.03223383,488827433.2,334208780.1656964,605120051.3333334,408706662.94270694
2020-09-01,20357716670,2020-09-01,2020-09-30,809068757.3333334,251536822.15044016,633552787.0,299552973.99107414,738993138.0,,913602944.0,246935555.76853502,705848332.25,291201545.12393,712613433.6666666,330589023.5468002,809068757.3333334,251536822.15044016
2020-10-01,1540026872,2020-10-01,2020-10-31,912622956.6666666,708017726.7820886,665442092.6,606195921.5575562,633543263.0,,510108764.0,174562742.55052823,741291954.75,672019332.4323784,584329671.5,577454886.0219594,912622956.6666666,708017726.7820886
2020-11-01,4141343418,2020-11-01,2020-11-30,821551541.0,384985404.5790001,846788564.6,515014754.3996982,378426449.0,,726131553.5,491729274.4902543,683239024.75,418724949.21869296,847226353.6666666,460644448.3059646,821551541.0,384985404.5790001
2020-12-01,1729507316,2020-12-01,2020-12-31,804915108.0,327184511.39862216,685955174.8,369902258.7538915,812206037.0,,643176050.5,239044499.35604116,646326774.75,414689651.9545136,619473369.8333334,368756189.33753526,804915108.0,327184511.39862216
2021-01-01,8732976026,2021-01-01,2021-01-31,724288625.6666666,409867114.93824947,553503157.6,373342627.9838175,1110807634.0,,702656651.0,577212655.6545106,626900510.0,387210298.02630377,518290095.1666667,344887710.554455,724288625.6666666,409867114.93824947
2021-02-01,2574225617,2021-02-01,2021-02-28,792478214.3333334,557445170.6653368,573553598.6,499910798.7617394,1417757570.0,,1014969070.0,569628959.4679154,631480950.0,557533755.6507287,516652809.5,468353332.6198249,792478214.3333334,557445170.6653368
2021-03-01,2441459028,2021-03-01,2021-03-31,1118525359.5,364473416.6847261,694623437.0,537227520.2855494,0.0,0.0,1376246984.0,,864038916.3333334,510598163.9232384,616535601.0,496939238.81087804,1118525359.5,364473416.6847261
2021-04-01,3804720594,2021-04-01,2021-04-30,630015818.0,,357493300.6666667,236251863.27494198,0.0,0.0,630015818.0,,420295913.0,296588733.95059705,450655449.75,268191547.25908527,630015818.0,
2021-05-01,1690277774,2021-05-01,2021-05-31,957082242.6666666,462516000.9923078,650004785.0,533026256.5209011,1491114638.0,,1093240894.5,562678444.169854,771777037.25,529118238.89750427,606518861.6666666,488507671.6710431,957082242.6666666,462516000.9923078
2021-06-01,1891160673,2021-06-01,2021-06-30,465136299.0,62238423.0655392,344488777.75,150578322.01627705,0.0,0.0,421127088.0,,402846917.3333333,116519148.03194164,403355349.8,185288261.4212714,465136299.0,62238423.0655392
2021-07-01,1675630732,2021-07-01,2021-07-31,1053757185.0,695446265.095662,1089068876.75,726541847.5041835,0.0,0.0,562002415.0,,830659125.3333334,625412652.9730971,1124223856.4,634095146.7264624,1053757185.0,695446265.095662
2021-08-01,1575321649,2021-08-01,2021-08-31,850142994.0,300009407.8746541,609009539.8,392501259.97942203,990365558.0,,748031885.0,342711566.9762867,701431428.0,385310631.38402563,572417120.6666666,362325574.7204775,850142994.0,300009407.8746541
2021-09-01,2456853086,2021-09-01,2021-09-30,913602944.0,246935555.76853502,705848332.25,291201545.12393,0.0,0.0,738993138.0,,809068757.3333334,251536822.15044016,633552787.0,299552973.99107414,913602944.0,246935555.76853502
2021-10-01,3707963186,2021-10-01,2021-10-31,853414800.0,607299908.2870678,901038938.2,682863808.5145658,1540026872.0,,1086785067.5,640980706.958355,1069473935.5,657724602.3494054,811206222.5,649200959.3673104,853414800.0,607299908.2870678
2021-11-01,1040363438,2021-11-01,2021-11-30,726131553.5,491729274.4902543,683239024.75,418724949.21869296,0.0,0.0,378426449.0,,821551541.0,384985404.5790001,846788564.6,515014754.3996982,726131553.5,491729274.4902543
2021-12-01,3914198444,2021-12-01,2021-12-31,1005286472.3333334,649571404.1867406,862962883.0,603018778.7848281,1729507316.0,,1270856676.5,648629954.7719932,1036063160.0,533932727.44764596,859880531.6666666,539409235.5458598,1005286472.3333334,649571404.1867406
2022-01-01,2931891783,2022-01-01,2022-01-31,702656651.0,577212655.6545106,626900510.0,387210298.02630377,0.0,0.0,1110807634.0,,724288625.6666666,409867114.93824947,553503157.6,373342627.9838175,702656651.0,577212655.6545106
2022-02-01,1680652773,2022-02-01,2022-02-28,1014969070.0,569628959.4679154,631480950.0,557533755.6507287,0.0,0.0,1417757570.0,,792478214.3333334,557445170.6653368,573553598.6,499910798.7617394,1014969070.0,569628959.4679154
2022-03-01,1886883021,2022-03-01,2022-03-31,1376246984.0,,864038916.3333334,510598163.9232384,0.0,0.0,0.0,0.0,1118525359.5,364473416.6847261,694623437.0,537227520.2855494,1376246984.0,
2022-04-01,1814575664,2022-04-01,2022-04-30,630015818.0,,420295913.0,296588733.95059705,0.0,0.0,0.0,0.0,630015818.0,,357493300.6666667,236251863.27494198,630015818.0,
2022-05-01,1673421317,2022-05-01,2022-05-31,1292253187.6666667,526423018.36172557,955477184.6,615388741.9611737,1690277774.0,,1590696206.0,140829604.0279786,1140381125.5,526315452.8490842,823383616.5,638478588.0406489,1292253187.6666667,526423018.36172557
2022-06-01,4156380790,2022-06-01,2022-06-30,1156143880.5,1039470716.525471,774925356.25,750213702.9309587,1891160673.0,,1891160673.0,,940477757.0,824490943.3908536,653823156.8,703877946.5270762,1156143880.5,1039470716.525471
2022-07-01,3121018667,2022-07-01,2022-07-31,1118816573.5,787454134.6720622,1041902027.0,662763088.6554489,1675630732.0,,1675630732.0,,1261048367.3333333,608877374.0558985,1206381247.8,681695132.8401564,1118816573.5,787454134.6720622
2022-08-01,1695715907,2022-08-01,2022-08-31,1023795139.6666666,535594741.3322217,876209472.2,513892046.7034425,1575321649.0,,1282843603.5,413626418.6424752,1031437657.75,437578317.13393813,770061558.0,528083617.11579907,1023795139.6666666,535594741.3322217
2022-09-01,1250207960,2022-09-01,2022-09-30,738993138.0,,809068757.3333334,251536822.15044016,0.0,0.0,0.0,0.0,913602944.0,246935555.76853502,705848332.25,291201545.12393,738993138.0,
2022-10-01,3441894693,2022-10-01,2022-10-31,1086785067.5,640980706.958355,1069473935.5,657724602.3494054,0.0,0.0,1540026872.0,,853414800.0,607299908.2870678,901038938.2,682863808.5145658,1086785067.5,640980706.958355
2022-11-01,1524535909,2022-11-01,2022-11-30,709394943.5,468060133.6401051,876254515.25,332834547.5754517,1040363438.0,,1040363438.0,,830875515.0,392189663.4378529,754663907.4,396239203.80431706,709394943.5,468060133.6401051
2022-12-01,2031909333,2022-12-01,2022-12-31,1270856676.5,648629954.7719932,1036063160.0,533932727.44764596,0.0,0.0,1729507316.0,,1005286472.3333334,649571404.1867406,862962883.0,603018778.7848281,1270856676.5,648629954.7719932
2023-01-01,1875818354,2023-01-01,2023-01-31,1110807634.0,,724288625.6666666,409867114.93824947,0.0,0.0,0.0,0.0,702656651.0,577212655.6545106,626900510.0,387210298.02630377,1110807634.0,
2023-02-01,2192686144,2023-02-01,2023-02-28,1549205171.5,185894980.78271398,1014521854.0,635906379.7953435,1680652773.0,,1680652773.0,,1236863637.6666667,556731688.7084664,841315314.6,673264598.3214427,1549205171.5,185894980.78271398
2023-03-01,2337016549,2023-03-01,2023-03-31,1886883021.0,,1374644580.0,513041519.8241775,1886883021.0,,1886883021.0,,1631565002.5,361074204.4809248,1119749942.5,659817782.1292989,1886883021.0,
2023-04-01,1396267402,2023-04-01,2023-04-30,1814575664.0,,1222295741.0,837610299.8278924,1814575664.0,,1814575664.0,,1222295741.0,837610299.8278924,885055830.0,831858028.6940492,1814575664.0,
2023-05-01,3693755441,2023-05-01,2023-05-31,1618271243.0,110442911.41577503,1246989163.8,514375676.0206238,1673421317.0,,1681849545.5,11919315.051479448,1387545220.0,470180548.88051385,1075134540.0,623594370.7202432,1618271243.0,110442911.41577503
2023-06-01,2149594139,2023-06-01,2023-06-30,1891160673.0,,940477757.0,824490943.3908536,0.0,0.0,1891160673.0,,1156143880.5,1039470716.525471,774925356.25,750213702.9309587,1891160673.0,
2023-07-01,3307825067,2023-07-01,2023-07-31,1675630732.0,,1261048367.3333333,608877374.0558985,0.0,0.0,1675630732.0,,1118816573.5,787454134.6720622,1041902027.0,662763088.6554489,1675630732.0,
2023-08-01,1217170873,2023-08-01,2023-08-31,1420467704.6666667,377312319.9224997,1164293307.6,481517607.36722386,1695715907.0,,1635518778.0,85131596.24772274,1191775331.5,551462175.2111443,1012793878.0,568506664.8496541,1420467704.6666667,377312319.9224997
2023-09-01,321980896,2023-09-01,2023-09-30,1250207960.0,,1025804616.0,261258932.76622024,1250207960.0,,1250207960.0,,994600549.0,361483467.27927387,919353558.0,301382587.9133924,1250207960.0,
2023-10-01,3898738533,2023-10-01,2023-10-31,1540026872.0,,853414800.0,607299908.2870678,0.0,0.0,0.0,0.0,1086785067.5,640980706.958355,1069473935.5,657724602.3494054,1540026872.0,
2023-11-01,2253148797,2023-11-01,2023-11-30,1282449673.5,342361637.507947,1004290613.5,472051911.29372245,1524535909.0,,1282449673.5,342361637.507947,981108598.6666666,575347786.6157888,1005910794.0,408824999.4084329,1282449673.5,342361637.507947
2023-12-01,3515344371,2023-12-01,2023-12-31,1729507316.0,,1005286472.3333334,649571404.1867406,0.0,0.0,0.0,0.0,1270856676.5,648629954.7719932,1036063160.0,533932727.44764596,1729507316.0,
2024-01-01,2335247983,2024-01-01,2024-01-31,1875818354.0,,1093710552.0,790794970.5112063,1875818354.0,,1875818354.0,,1493312994.0,540944267.7924032,1012171057.75,665957366.0633712,1875818354.0,
2024-02-01,3164524835,2024-02-01,2024-02-29,1680652773.0,,1236863637.6666667,556731688.7084664,0.0,0.0,1680652773.0,,1549205171.5,185894980.78271398,1014521854.0,635906379.7953435,1680652773.0,
2024-03-01,1489668829,2024-03-01,2024-03-31,1886883021.0,,1631565002.5,361074204.4809248,0.0,0.0,1886883021.0,,1886883021.0,,1374644580.0,513041519.8241775,1886883021.0,
2024-04-01,2170364862,2024-04-01,2024-04-30,1605421533.0,295788608.68655896,1280286294.6666667,600736398.2085533,1396267402.0,,1605421533.0,295788608.68655896,1605421533.0,295788608.68655896,1280286294.6666667,600736398.2085533,1605421533.0,295788608.68655896
2024-05-01,88562401,2024-05-01,2024-05-31,1681849545.5,11919315.051479448,1387545220.0,470180548.88051385,0.0,0.0,1673421317.0,,1618271243.0,110442911.41577503,1246989163.8,514375676.0206238,1681849545.5,11919315.051479448
